pdb_code,Helix_Start,Helix_End,Kink_Position,Kink_Angle,sequence
2wsbA,21,33,25,13.725,SGIGLEICRAFAA
2wsbA,44,56,52,26.628,EAAALDRAAQELG
2wsbA,70,82,76,9.290,AEAMTAAAAEAEA
2wsbA,114,126,119,15.409,AVNVDGMFWASRA
2wsbA,161,173,165,14.077,ASKGAVHQLTRAL
2wsbA,197,209,201,91.067,TLKMRERPELFET
2wsbA,221,233,226,11.981,EPSEIAAAALFLA
2wsbA,199,211,206,91.360,KMRERPELFETWL
2wsbB,21,33,25,12.593,SGIGLEICRAFAA
2wsbB,44,56,52,35.851,EAAALDRAAQELG
2wsbB,70,82,76,7.898,AEAMTAAAAEAEA
2wsbB,114,126,119,16.117,AVNVDGMFWASRA
2wsbB,161,173,165,14.378,ASKGAVHQLTRAL
2wsbB,197,209,201,97.544,TLKMRERPELFET
2wsbB,221,233,226,11.533,EPSEIAAAALFLA
2wsbB,199,211,206,86.990,KMRERPELFETWL
2wsbC,21,33,25,14.270,SGIGLEICRAFAA
2wsbC,44,56,52,25.423,EAAALDRAAQELG
2wsbC,70,82,76,8.433,AEAMTAAAAEAEA
2wsbC,114,126,119,14.900,AVNVDGMFWASRA
2wsbC,161,173,165,13.308,ASKGAVHQLTRAL
2wsbC,197,209,202,93.575,TLKMRERPELFET
2wsbC,221,233,226,10.869,EPSEIAAAALFLA
2wsbC,199,211,206,84.075,KMRERPELFETWL
2wsbD,21,33,25,15.088,SGIGLEICRAFAA
2wsbD,44,56,52,18.915,EAAALDRAAQELG
2wsbD,70,82,76,7.548,AEAMTAAAAEAEA
2wsbD,114,126,120,15.433,AVNVDGMFWASRA
2wsbD,161,173,169,13.219,ASKGAVHQLTRAL
2wsbD,197,209,204,92.946,TLKMRERPELFET
2wsbD,221,233,226,12.243,EPSEIAAAALFLA
2wsbD,199,211,206,89.754,KMRERPELFETWL
